{
  "model_name": "transaction_classifier_20260310_160648",
  "saved_at": "2026-03-10T16:06:48.630574",
  "training_info": {
    "train_samples": 375,
    "test_samples": 94,
    "vocabulary_size": 144,
    "model_type": "random_forest",
    "model_params": {
      "n_estimators": 100,
      "random_state": 42
    },
    "metrics": {
      "accuracy": 0.7872340425531915,
      "precision": 0.7707218027911232,
      "recall": 0.7872340425531915,
      "f1_score": 0.7546830833563759
    },
    "classification_report": {
      "bills": {
        "precision": 0.8,
        "recall": 0.8888888888888888,
        "f1-score": 0.8421052631578947,
        "support": 9.0
      },
      "food": {
        "precision": 0.9166666666666666,
        "recall": 1.0,
        "f1-score": 0.9565217391304348,
        "support": 11.0
      },
      "fuel": {
        "precision": 1.0,
        "recall": 1.0,
        "f1-score": 1.0,
        "support": 10.0
      },
      "groceries": {
        "precision": 0.5,
        "recall": 0.125,
        "f1-score": 0.2,
        "support": 16.0
      },
      "other_expenses": {
        "precision": 0.5483870967741935,
        "recall": 0.7727272727272727,
        "f1-score": 0.6415094339622641,
        "support": 22.0
      },
      "shopping": {
        "precision": 1.0,
        "recall": 1.0,
        "f1-score": 1.0,
        "support": 8.0
      },
      "subscription": {
        "precision": 1.0,
        "recall": 1.0,
        "f1-score": 1.0,
        "support": 9.0
      },
      "transport": {
        "precision": 0.9,
        "recall": 1.0,
        "f1-score": 0.9473684210526315,
        "support": 9.0
      },
      "accuracy": 0.7872340425531915,
      "macro avg": {
        "precision": 0.8331317204301075,
        "recall": 0.8483270202020201,
        "f1-score": 0.8234381071629031,
        "support": 94.0
      },
      "weighted avg": {
        "precision": 0.7707218027911232,
        "recall": 0.7872340425531915,
        "f1-score": 0.7546830833563759,
        "support": 94.0
      }
    }
  }
}